{
  "version": 1,
  "width": 96,
  "height": 28,
  "duration": 30.140342,
  "command": null,
  "title": null,
  "env": {
    "TERM": "tmux-256color",
    "SHELL": "/bin/bash"
  },
  "stdout": [
    [
      2.049837,
      "\r\n\u001b[s\u001b[500C\u001b[5D\u001b[u\u001b[0;35mivan \u001b[0;37;1mat \u001b[0;36mdev-pc \u001b[0;37;1min \u001b[0;32m~/developer/scripts/slides/01-exemplo \u001b[0;37;1m\r\n\u001b[0;37;1m$ \u001b[0m"
    ],
    [
      1.942645,
      "\u0007"
    ],
    [
      1.216565,
      "asc"
    ],
    [
      6.8e-05,
      "iine"
    ],
    [
      6e-05,
      "ma"
    ],
    [
      6.5e-05,
      " r"
    ],
    [
      6.4e-05,
      "e"
    ],
    [
      4.7e-05,
      "c "
    ],
    [
      5.3e-05,
      "d"
    ],
    [
      5.4e-05,
      "em"
    ],
    [
      5.1e-05,
      "o"
    ],
    [
      5e-05,
      "."
    ],
    [
      4.5e-05,
      "j"
    ],
    [
      4.7e-05,
      "s"
    ],
    [
      4.8e-05,
      "o"
    ],
    [
      4.7e-05,
      "n"
    ],
    [
      0.831036,
      "\b\u001b[K"
    ],
    [
      0.501013,
      "\b\u001b[K"
    ],
    [
      0.030136,
      "\b\u001b[K"
    ],
    [
      0.032297,
      "\b\u001b[K"
    ],
    [
      0.03074,
      "\b\u001b[K"
    ],
    [
      0.02998,
      "\b\u001b[K"
    ],
    [
      0.031243,
      "\b\u001b[K"
    ],
    [
      0.030249,
      "\b\u001b[K"
    ],
    [
      0.030693,
      "\b\u001b[K"
    ],
    [
      0.03036,
      "\b\u001b[K"
    ],
    [
      0.030516,
      "\b\u001b[K"
    ],
    [
      0.030742,
      "\b\u001b[K"
    ],
    [
      0.030304,
      "\b\u001b[K"
    ],
    [
      0.030455,
      "\b\u001b[K"
    ],
    [
      0.029675,
      "\b\u001b[K"
    ],
    [
      0.030267,
      "\b\u001b[K"
    ],
    [
      0.030492,
      "\b\u001b[K"
    ],
    [
      0.030498,
      "\b\u001b[K"
    ],
    [
      0.03005,
      "\b\u001b[K"
    ],
    [
      0.030825,
      "\b\u001b[K"
    ],
    [
      0.030206,
      "\b\u001b[K"
    ],
    [
      0.03054,
      "\b\u001b[K"
    ],
    [
      0.030269,
      "\b\u001b[K"
    ],
    [
      0.029406,
      "\u0007"
    ],
    [
      0.031169,
      "\u0007"
    ],
    [
      2.238111,
      "s"
    ],
    [
      0.367775,
      "l"
    ],
    [
      0.231905,
      "i"
    ],
    [
      0.091366,
      "de-show "
    ],
    [
      1.508813,
      "*"
    ],
    [
      0.919658,
      "."
    ],
    [
      2.304055,
      "t"
    ],
    [
      0.112204,
      "x"
    ],
    [
      0.111924,
      "t"
    ],
    [
      0.640353,
      "\r\n"
    ],
    [
      0.006247,
      "\u001b[H\u001b[J"
    ],
    [
      0.003521,
      "\u001b[14;1H"
    ],
    [
      0.00115,
      "\u001b[7m"
    ],
    [
      0.000252,
      "Bash Slide Show 1.0 -- by Ivan carlos Da Silva Lopes.\r\n"
    ],
    [
      0.001345,
      "\u001b[27m"
    ],
    [
      0.000623,
      "."
    ],
    [
      0.011603,
      "."
    ],
    [
      0.011843,
      "."
    ],
    [
      0.011737,
      "."
    ],
    [
      0.011458,
      "."
    ],
    [
      0.012285,
      "."
    ],
    [
      0.011627,
      "."
    ],
    [
      0.011555,
      "."
    ],
    [
      0.011917,
      "."
    ],
    [
      0.01147,
      "."
    ],
    [
      0.011737,
      "."
    ],
    [
      0.011711,
      "."
    ],
    [
      0.011699,
      "."
    ],
    [
      0.011902,
      "."
    ],
    [
      0.011424,
      "."
    ],
    [
      0.011759,
      "."
    ],
    [
      0.011813,
      "."
    ],
    [
      0.011431,
      "."
    ],
    [
      0.011745,
      "."
    ],
    [
      0.01158,
      "."
    ],
    [
      0.011578,
      "."
    ],
    [
      0.011718,
      "."
    ],
    [
      0.011925,
      "."
    ],
    [
      0.011699,
      "."
    ],
    [
      0.011716,
      "."
    ],
    [
      0.011578,
      "."
    ],
    [
      0.011463,
      "."
    ],
    [
      0.012341,
      "."
    ],
    [
      0.011476,
      "."
    ],
    [
      0.011633,
      "."
    ],
    [
      0.011702,
      "."
    ],
    [
      0.011541,
      "."
    ],
    [
      0.011727,
      "."
    ],
    [
      0.01173,
      "."
    ],
    [
      0.011458,
      "."
    ],
    [
      0.016965,
      "\u001b[?1h\u001b="
    ],
    [
      0.008064,
      "nada\r\n"
    ],
    [
      0.00117,
      "\u001b[H\u001b[J"
    ],
    [
      0.001776,
      "   +-----------+\r\n"
    ],
    [
      0.001757,
      "   |    cmd    |\r\n   +-----------+\r\n   | 0 | 1 | 2 |\r\n   +-^---v---v-+\r\n     |   |   |\r\n     |   |   |\r\n     |   |   + --- \"2\" is standard error\r\n     |   |\r\n     |   + --- \"1\" standard output\r\n     |\r\n    \"0\" is standard input\r\n\r\n  The standard streams have standard descriptors. \"0\" is standard input,\r\n  \"1\" standard output and \"2\" is standard error.\r\n\r\n\r\n\r\n\r\n  ___\r\n"
    ],
    [
      0.000158,
      "\r\n"
    ],
    [
      3.7e-05,
      "slide: [1/2]\r\n"
    ],
    [
      0.001186,
      "\u001b[7m"
    ],
    [
      0.00011,
      " < previous  next >"
    ],
    [
      0.00108,
      "\u001b[27m"
    ],
    [
      2.5,
      "\u001b[H\u001b[J"
    ],
    [
      0.00168,
      "   +-----------+\r\n"
    ],
    [
      0.001781,
      "   |    cmd    |\r\n   +-----------+\r\n   | 0 | 1 | 2 |\r\n   +-^---v---v-+                      write stdout in `file'\r\n         |            +-----------+      +--------+\r\n         |            |    tee    |  --> |  file  |\r\n         |            +-----------+      +--------+\r\n         |            | 0 | 1 | 2 |\r\n         |            +-^---v---v-+\r\n         |              |   |\r\n         |              |   |\r\n         +--------------+   |\r\n                            |\r\n                        +---+---+\r\n                        | sceen |\r\n                        +-------+\r\n\r\nexample:\r\n$ ls | tee file.txt\r\n"
    ],
    [
      0.000119,
      "\r\n"
    ],
    [
      6.8e-05,
      "slide: [2/2]\r\n"
    ],
    [
      0.001231,
      "\u001b[7m"
    ],
    [
      0.000127,
      " < previous  next >"
    ],
    [
      0.001021,
      "\u001b[27m"
    ],
    [
      2.452505,
      "\u001b[H\u001b[J"
    ],
    [
      0.00169,
      "   +-----------+\r\n"
    ],
    [
      0.001346,
      "   |    cmd    |\r\n   +-----------+\r\n   | 0 | 1 | 2 |\r\n   +-^---v---v-+\r\n     |   |   |\r\n     |   |   |\r\n     |   |   + --- \"2\" is standard error\r\n     |   |\r\n     |   + --- \"1\" standard output\r\n     |\r\n    \"0\" is standard input\r\n\r\n  The standard streams have standard descriptors. \"0\" is standard input,\r\n  \"1\" standard output and \"2\" is standard error.\r\n\r\n\r\n\r\n\r\n  ___\r\n"
    ],
    [
      0.000216,
      "\r\nslide: [1/2]\r\n"
    ],
    [
      0.001137,
      "\u001b[7m"
    ],
    [
      0.000117,
      " < previous  next >"
    ],
    [
      0.001162,
      "\u001b[27m"
    ],
    [
      2.076224,
      "\u001b[H\u001b[J"
    ],
    [
      0.001662,
      "   +-----------+\r\n"
    ],
    [
      0.001954,
      "   |    cmd    |\r\n   +-----------+\r\n   | 0 | 1 | 2 |\r\n   +-^---v---v-+                      write stdout in `file'\r\n         |            +-----------+      +--------+\r\n         |            |    tee    |  --> |  file  |\r\n         |            +-----------+      +--------+\r\n         |            | 0 | 1 | 2 |\r\n         |            +-^---v---v-+\r\n         |              |   |\r\n         |              |   |\r\n         +--------------+   |\r\n                            |\r\n                        +---+---+\r\n                        | sceen |\r\n                        +-------+\r\n\r\nexample:\r\n$ ls | tee file.txt\r\n"
    ],
    [
      0.000274,
      "\r\n"
    ],
    [
      6e-05,
      "slide: [2/2]\r\n"
    ],
    [
      0.001189,
      "\u001b[7m"
    ],
    [
      0.000119,
      " < previous  next >"
    ],
    [
