{
  "version": 1,
  "width": 91,
  "height": 27,
  "duration": 97.541624,
  "command": null,
  "title": null,
  "env": {
    "TERM": "tmux-256color",
    "SHELL": "/bin/bash"
  },
  "stdout": [
    [
      2.135827,
      "\r\n\u001b[s\u001b[500C\u001b[5D\u001b[u\u001b[0;35mivan \u001b[0;37;1mat \u001b[0;36mdev-pc \u001b[0;37;1min \u001b[0;32m/tmp/sss \u001b[0;37;1m\r\n\u001b[0;37;1m$ \u001b[0m"
    ],
    [
      1.798264,
      "\u001b[H\u001b[J\r\n\u001b[s\u001b[500C\u001b[5D\u001b[u\u001b[0;35mivan \u001b[0;37;1mat \u001b[0;36mdev-pc \u001b[0;37;1min \u001b[0;32m/tmp/sss \u001b[0;37;1m\r\n\u001b[0;37;1m$ \u001b[0m"
    ],
    [
      2.055518,
      "g"
    ],
    [
      0.415649,
      "i"
    ],
    [
      0.284214,
      "t"
    ],
    [
      0.276018,
      " "
    ],
    [
      0.336173,
      "i"
    ],
    [
      0.279879,
      "n"
    ],
    [
      0.231787,
      "i"
    ],
    [
      0.296334,
      "t"
    ],
    [
      0.255905,
      " "
    ],
    [
      0.519601,
      "\r\n"
    ],
    [
      0.152194,
      "Initialized empty Git repository in /tmp/sss/.git/\r\n"
    ],
    [
      0.238456,
      "\r\n\u001b[s\u001b[500C\u001b[5D\u001b[u\u001b[0;35mivan \u001b[0;37;1mat \u001b[0;36mdev-pc \u001b[0;37;1min \u001b[0;32m/tmp/sss \u001b[0;37;1mon \u001b[0;33mgit\u001b[0;37;1m:\u001b[0;33mmaster  \u001b[0;37;1m? \u001b[0m\r\n\u001b[0;37;1m$ \u001b[0m"
    ],
    [
      1.461785,
      "e"
    ],
    [
      0.240084,
      "c"
    ],
    [
      2.5,
      "\b\u001b[K"
    ],
    [
      0.191912,
      "\b\u001b[K"
    ],
    [
      1.160428,
      ">"
    ],
    [
      0.359083,
      " "
    ],
    [
      0.736494,
      "I"
    ],
    [
      0.247923,
      "N"
    ],
    [
      0.35988,
      "S"
    ],
    [
      0.536597,
      "T"
    ],
    [
      0.311619,
      "A"
    ],
    [
      0.608062,
      "L"
    ],
    [
      0.224284,
      "L"
    ],
    [
      2.5,
      "\r\n"
    ],
    [
      0.238769,
      "\r\n\u001b[s\u001b[500C\u001b[5D\u001b[u\u001b[0;35mivan \u001b[0;37;1mat \u001b[0;36mdev-pc \u001b[0;37;1min \u001b[0;32m/tmp/sss \u001b[0;37;1mon \u001b[0;33mgit\u001b[0;37;1m:\u001b[0;33mmaster  \u001b[0;37;1m? \u001b[0m\r\n\u001b[0;37;1m$ \u001b[0m"
    ],
    [
      0.925424,
      "l"
    ],
    [
      0.047929,
      "s"
    ],
    [
      0.175949,
      "\r\n"
    ],
    [
      0.003626,
      "INSTALL  unstaged-area-to-work.json\r\n"
    ],
    [
      0.237639,
      "\r\n\u001b[s\u001b[500C\u001b[5D\u001b[u\u001b[0;35mivan \u001b[0;37;1mat \u001b[0;36mdev-pc \u001b[0;37;1min \u001b[0;32m/tmp/sss \u001b[0;37;1mon \u001b[0;33mgit\u001b[0;37;1m:\u001b[0;33mmaster  \u001b[0;37;1m? \u001b[0m\r\n\u001b[0;37;1m$ \u001b[0m"
    ],
    [
      1.950556,
      "g"
    ],
    [
      0.464328,
      "i"
    ],
    [
      0.255742,
      "t"
    ],
    [
      0.232183,
      " "
    ],
    [
      0.336087,
      "w"
    ],
    [
      0.343756,
      "\r\n"
    ],
    [
      0.098289,
      "## Submissão inicial em \u001b[32mmaster\u001b[m\r\n\u001b[1;33m??\u001b[m INSTALL\r\n\u001b[1;33m??\u001b[m unstaged-area-to-work.json\r\n"
    ],
    [
      0.234142,
      "\r\n\u001b[s\u001b[500C\u001b[5D\u001b[u\u001b[0;35mivan \u001b[0;37;1mat \u001b[0;36mdev-pc \u001b[0;37;1min \u001b[0;32m/tmp/sss \u001b[0;37;1mon \u001b[0;33mgit\u001b[0;37;1m:\u001b[0;33mmaster  \u001b[0;37;1m? \u001b[0m\r\n\u001b[0;37;1m$ \u001b[0m"
    ],
    [
      2.5,
      "e"
    ],
    [
      0.183762,
      "c"
    ],
    [
      0.663764,
      "h"
    ],
    [
      0.120176,
      "o"
    ],
    [
      0.336004,
      " "
    ],
    [
      2.5,
      "m"
    ],
    [
      0.048282,
      "e"
    ],
    [
      0.255691,
      "n"
    ],
    [
      0.204803,
      "s"
    ],
    [
      0.169984,
      "a"
    ],
    [
      0.417326,
      "g"
    ],
    [
      0.048032,
      "e"
    ],
    [
      0.895423,
      "m"
    ],
    [
      0.344774,
      " "
    ],
    [
      1.483378,
      ">"
    ],
    [
      1.136107,
      " "
    ],
    [
      1.108366,
      "I"
    ],
    [
      0.231733,
      "N"
    ],
    [
      0.242975,
      "STALL "
    ],
    [
      1.92628,
      "\r\n"
    ],
    [
      0.233378,
      "\r\n\u001b[s\u001b[500C\u001b[5D\u001b[u\u001b[0;35mivan \u001b[0;37;1mat \u001b[0;36mdev-pc \u001b[0;37;1min \u001b[0;32m/tmp/sss \u001b[0;37;1mon \u001b[0;33mgit\u001b[0;37;1m:\u001b[0;33mmaster  \u001b[0;37;1m? \u001b[0m\r\n\u001b[0;37;1m$ \u001b[0m"
    ],
    [
      2.5,
      "g"
    ],
    [
      0.351626,
      "i"
    ],
    [
      0.38018,
      "t"
    ],
    [
      0.336211,
      " "
    ],
    [
      0.929106,
      "\b\u001b[K"
    ],
    [
      0.167242,
      "\b\u001b[K"
    ],
    [
      0.359359,
      "\b\u001b[K"
    ],
    [
      0.185295,
      "\b\u001b[K"
    ],
    [
      1.183689,
      "g"
    ],
    [
      0.37577,
      "i"
    ],
    [
      0.296604,
      "t"
    ],
    [
      0.215914,
      " "
    ],
    [
      0.136206,
      "w"
    ],
    [
      0.318849,
      "\r\n"
    ],
    [
      0.006499,
      "## Submissão inicial em \u001b[32mmaster\u001b[m\r\n\u001b[1;33m??\u001b[m INSTALL\r\n\u001b[1;33m??\u001b[m unstaged-area-to-work.json\r\n"
    ],
    [
      0.208049,
      "\r\n\u001b[s\u001b[500C\u001b[5D\u001b[u\u001b[0;35mivan \u001b[0;37;1mat \u001b[0;36mdev-pc \u001b[0;37;1min \u001b[0;32m/tmp/sss \u001b[0;37;1mon \u001b[0;33mgit\u001b[0;37;1m:\u001b[0;33mmaster  \u001b[0;37;1m? \u001b[0m\r\n\u001b[0;37;1m$ \u001b[0m"
    ],
    [
      1.473909,
      "g"
    ],
    [
      0.680243,
      "i"
    ],
    [
      0.311953,
      "t"
    ],
    [
      0.231074,
      " "
    ],
    [
      0.096951,
      "a"
    ],
    [
      0.360642,
      "d"
    ],
    [
      0.151939,
      "d"
    ],
    [
      0.270983,
      " "
    ],
    [
      0.585118,
      "I"
    ],
    [
      0.239359,
      "N"
    ],
    [
      0.238468,
      "STALL "
    ],
    [
      0.697522,
      "\r\n"
    ],
    [
      0.241549,
      "\r\n\u001b[s\u001b[500C\u001b[5D\u001b[u\u001b[0;35mivan \u001b[0;37;1mat \u001b[0;36mdev-pc \u001b[0;37;1min \u001b[0;32m/tmp/sss \u001b[0;37;1mon \u001b[0;33mgit\u001b[0;37;1m:\u001b[0;33mmaster  \u001b[0;37;1m? \u001b[0m\r\n\u001b[0;37;1m$ \u001b[0m"
    ],
    [
      0.486028,
      "git add INSTALL "
    ],
    [
      0.272374,
      "\r\u001b[C\u001b[C\u001b[C\u001b[C\u001b[C\u001b[Cw\u001b[K"
    ],
    [
      0.447421,
      "\r\n"
    ],
    [
      0.009746,
      "## Submissão inicial em \u001b[32mmaster\u001b[m\r\n\u001b[1;36mA\u001b[m  INSTALL\r\n\u001b[1;33m??\u001b[m unstaged-area-to-work.json\r\n"
    ],
    [
      0.281586,
      "\r\n\u001b[s\u001b[500C\u001b[5D\u001b[u\u001b[0;35mivan \u001b[0;37;1mat \u001b[0;36mdev-pc \u001b[0;37;1min \u001b[0;32m/tmp/sss \u001b[0;37;1mon \u001b[0;33mgit\u001b[0;37;1m:\u001b[0;33mmaster  \u001b[0;37;1m? \u001b[0m\r\n\u001b[0;37;1m$ \u001b[0m"
    ],
    [
      2.5,
      "e"
    ],
    [
      0.263704,
      "c"
    ],
    [
      0.543583,
      "h"
    ],
    [
      0.095167,
      "o"
    ],
    [
      0.329148,
      " "
    ],
    [
      1.031427,
      "mensagem > INSTALL \b\b\b\b\b\b\b\b\b\b\b\b\b\b\b\b\b\b\b"
    ],
    [
      0.77669,
      "\u001b[C"
    ],
    [
      0.49959,
      "\u001b[C"
    ],
    [
      0.030401,
      "\u001b[C"
    ],
    [
      0.030348,
      "\u001b[C"
    ],
    [
      0.030684,
      "\u001b[C"
    ],
    [
      0.031341,
      "\u001b[C"
    ],
    [
      0.031254,
      "\u001b[C"
    ],
    [
      0.029494,
      "\u001b[C"
    ],
    [
      0.18415,
      "\b"
    ],
    [
      0.499971,
      "\b"
    ],
    [
      0.030042,
      "\b"
    ],
    [
      0.030728,
      "\b"
    ],
    [
      0.033507,
      "\b"
    ],
    [
      0.028549,
      "\b"
    ],
    [
      0.121142,
      "\b"
    ],
    [
      0.156186,
      "\b"
    ],
    [
      0.680512,
      "\u001b[1@s"
